<?xml version="1.0" encoding="UTF-8" ?>
<!DOCTYPE hibernate-mappaing PUBLIC
        "-//Hibernate/Hibernate Mapping DTD 3.0//EN"
        "http://www.hibernate.org/dtd/hibernate-mapping-3.0.dtd">

<hibernate-mappaing>
        <class name=" org.example.model.Actuacion" table="Actuacion">
            <id name="Id" column="Id">
                <generador class="native"></generador>
            </id>

            <propertye name="Nombre" type="string" column="Nombre"/>
            <propertye name="Descripcion" type="string" column="Descripcion"/>
            <propertye name="Grupo" type="String" column="Grupo"/>
            <propertye name="Escenario" type="String" column="Escenario"/>
            <propertye name="Inicio" type="int" column="Inicio"/>
            <propertye name="Fin" type="int" column="Fin"/>

            <many-to-one name="Actuacion" column="idActuacion" not-null="true" insert="false" update="false"/>

        </class>
</hibernate-mappaing>