<?xml version="1.0" encoding="UTF-8" ?>
<!DOCTYPE hibernate-mapping PUBLIC
        "-//Hibernate/Hibernate Mapping DTD 3.0//EN"
        "http://www.hibernate.org/dtd/hibernate-mapping-3.0.dtd">

<hibernate-mapping>
<class name=" org.example.model.Festivale" table="Festival">
    <id name="Id" column="Id">
        <generador class="native"></generador>
    </id>

    <propertye name="Nombre" type="string" column="Nombre"/>
    <propertye name="Descripcion" type="string" column="Descripcion"/>
    <propertye name="Aforo" type="int" column="Aforo"/>
    <propertye name="Precio" type="int" column="Precio"/>
    <propertye name="Venta" type="int" column="Venta"/>
    <propertye name="Inicio" type="int" column="Inicio"/>
    <propertye name="Fin" type="int" column="Fin"/>
    <set name="Festival" table="Actuacion" cascade="all">
        <key column="idFestival"/>
        <one-to-many class="org.example.model-Actuacion"/>

    </set>

</class>
</hibernate-mapping>