<?xml version='1.0' encoding='utf-8'?>
<!DOCTYPE hibernate-configuration
        PUBLIC "-//Hibernate/Hibernate Configuration DTD 3.0//EN"
        "http://www.hibernate.org/dtd/hibernate-configuration-3.0.dtd">
<hibernate-configuration>
    <session-factory>
        <!--propiedades-->
        <property name="hibernate.dialect">org.hibernate-dialect.SQLServerDialect</property>
        <property name="hibernate.connection.driver_class">com.microsoft.sqlserver.jdbc.SQLServerDriver</property>
        <property name="hibernate.connection.url">jdbc:sqlserver://localhost:1433;databaseName=Festival</property>
        <property name="hibernate.connection.username">sa</property>
        <property name="hibernate.connection.password">Aulanosa</property>
        <property name="hibernate.default_shema">dbo</property>
        <property name="hibernate.show_sql">true</property>
        <property name="hibernate.hbm2ddl.auto">validate</property>
        <property name="hibernate.current_session_context_class">thread</property>


        <!--ficheros de mapeado-->
        <mapping resource="org/example/Actuacion.hbm.xml"/>
        <mapping resource="org/example/model/Festival.hbm.xml"/>
        <mapping resource="org/example/model/Festival.hbm.xml"/>

    </session-factory>
</hibernate-configuration>